link,title,summary,article
https://rfi.my/8MAR.g,អាមេរិក​ ប្រកាស​បង្កើន​ជំនួយ ៨០០លាន​ដុល្លារ ​ដល់​អ៊ុយក្រែន,ថ្ងៃព្រហស្បតិ៍​ ទី២១មេសា ប្រធានាធិបតីអាមេរិក ចូ បៃដិន បានប្រកាសផ្តល់ជំនួយយោធាចំនួន៨០០លានដុល្លារបន្ថែមទៀត សម្រាប់ជួយដល់អ៊ុយក្រែន។ អ៊ុយក្រែនដែលរងការឈ្លានពានពីរុស្ស៊ី​។ សេតវិមានអាមេរិក បានបញ្ជាក់ថា ជំនួយបន្ថែមនេះ មានជាអាវុធ កាំភ្លើងធំ កាំភ្លើងផ្លោង គ្រាប់ជិត១៤៤ ០០០ម៉ឺនគ្រាប់  ​ហើយថែមទាំងយន្តហោះដ្រូន​ ទៀតផង។ ជាសរុប ចាប់​តាំងពីផ្ទុះសង្គ្រាមរុស្ស៊ី-អ៊ុយក្រែនមក អាមេរិកបានផ្តល់ជំនួយ ២៦ ពាន់លានដុល្លារ។ នៅ​ផ្នែក​មនុស្សធម៌វិញ លោក ចូ បៃដិន ជំរុញ​ឲ្យពលរដ្ឋអាមេរិក​​ជួយ​ជន​ភៀសខ្លួន​អ៊ុយក្រែន ក្នុងការ​ស្នាក់នៅ​។,"ផ្សាយពាណិជ្ជកម្ម
អានអត្ថបទទាំងស្រុង
ចំណែក​ទិដ្ឋភាព​នៅសមរភូមិវិញ លោក ចូ បៃដិន សង្កត់ធ្ងន់ថា គ្មានទាល់មានភស្តុតាងណា ដែល​អាចបញ្ជាក់ថា រុស្ស៊ីបានគ្រប់គ្រងតំបន់ Marioupol ទាំងស្រុងនោះទេ។ ហើយបើតាមលោក បៃដិន, គឺលោក ពូទីន​ គ្មានថ្ងៃឈ្នះសង្គ្រាម​ ហើយអាច​ត្រួតត្រាលើអ៊ុយក្រែនបាន​ទេ។
លោកប្រធានាធិបតីអាមេរិក ចូ ​បៃដិន​ ប្រសាសន៍ ​៖
“លោក ពូទីន មិន​អាច​សម្រេច​​មហិច្ឆិតា​របស់ខ្លួន​នៅ​សមរភូមិ​ប្រយុទ្ធ​បានទេ។​ ជា​ច្រើន​សប្តាហ៍  បន្ទាប់ពី​បាន​វាយប្រហារ​បំផ្លោង​គ្រាប់បែក​នៅក្រុង​កៀវ តែរដ្ឋ​ធានី​អ៊ុយក្រែន​នៅតែ​ឈរ​រឹងមាំដដែល។​ ​ប្រធានាធិបតី Zelensky និងរដ្ឋាភិបាល​របស់​គាត់​ដែ​លកើត​ចេញ​ពីការបោះឆ្នោត​ដោយ​ប្រជាធិតេយ្យ​ គឺ​នៅតែបន្តកាន់អំណាចដដែល។​
កម្លាំង​យោធា​អ៊ុយក្រែន ដែល​​​ចូល​រួម​ដ៏​សកម្ម​និង​ដ៏​អង់អាច​ក្លាហាន​ពី​ប្រជាជន​ស៊ីវិល​អ៊ុយក្រែន​​ផង បាន​ប្រយុទ្ធ​ការពារ​ប្រទេស​ជាតិ​របស់ពួកគេ​ប្រឆាំង​នឹង​រុស្ស៊ី។​ ពួកគេ​ប្រមូល​ផ្តុំកម្លាំង​ ពួតដៃ​​​គ្នា ​តាំងតែ​ពីដំបូង​ដៃ​មកម្ល៉េះ ហើយក៏​ត្រូវ​បំពាក់​អាវុធ​ ផ្តល់គ្រាប់កាំភ្លើង​ និងជួយជ្រោម​ជ្រែង​បច្ចេកទេស​និងផ្តល់​ព័ត៌មាន​យោធា​ ពី​បណ្តាប្រទេស​សេរី​ ដែល​ដឹកនាំ​ដោយ​សហរដ្ឋអាមេរិក​យើង។​
បើ​ទោះបី​ជា​ រុស្ស៊ី​នៅតែបន្ត​ប្រតិបត្តិ​ការ​​យោធា​និង​បន្ត​សកម្មភាព​ព្រៃផ្សៃ​របស់ខ្លួន​​ទៅលើអ៊ុយក្រែនក្តី​ ប៉ុន្តែ លោក ពូទីន បាន​យល់​ខុស​។ យល់ខុស​ដែល​គិតថា អង្គការ​សម្ព័ន្ធ​មិត្ត​អូតង់ សហភាព​អឺរ៉ុប និងសម្ព័ន្ធមិត្ត​យើងនៅអាស៊ី កំពុងតែ​បែកបាក់គ្នា និង​ចែក​ជើងចែក​ផ្លូវគ្នាដើរ។ ពូទីន​គិតថា សម្ព័ន្ធ​មិត្ត​​យើង​ប្រេះឆាគ្នា​ ហើយ​និង​គាត់​តែបន្ត​យល់​ខុស​បែបនេះ​។ ជាថ្មីម្តងទៀត យើង​នឹង​បង្ហាញ​ ពូទីន ថា​គាត់​យល់​​ច្រឡំហើយ។
យើង​មិនដែល​​ភ្លេច​ឡើយ ពីការ​សម្តែង​ឆន្ទៈប្តេជ្ញា​​ដើម្បីការពារ​សេរីភាព​ ហើយ​យើង​ប្រឆាំង​ដាច់​ខាត់​នឹង​របបផ្តាច់​ការ​​ឃោរឃៅព្រៃផ្សៃ។ ​​”
ជាមួយនឹងគ្នានេះ លោកប្រធានាធិបតី​ ចូ បៃដិន បញ្ជាក់ថាលោកគ្រោ​ងនឹងសុំជំនួយជាបន្ថែមទៀត ពីសភាអាមេរិក​Congres ។ បន្ថែមលើសនេះទៀត សហរដ្ឋអាមេរិកមានចេតនាផ្តល់ជំនួយសេដ្ឋកិច្ច ចំនួន៥០០លានដុល្លារបន្ថែមទៀត ទៅដល់រដ្ឋាភិបាលអ៊ុយក្រែន។ មិនតែប៉ុណ្ណោះ លោកថា​ សហរដ្ឋអាមេរិកនិងសម្ព័ន្ធមិត្ត នឹងចេញសកម្មភាពជួយ​ឲ្យ​ទាន់សភាពការណ៍ ហើយនិងបន្តជួយអាវុធដល់អ៊ុយក្រែនតាមសេចក្តី​តម្រូវការ។  ផ្ទុយពីនេះ រដ្ឋាភិបាលអាមេរិក បានដាក់ទណ្ឌកម្មសេដ្ឋកិច្ចលើរុស្ស៊ី។ រាល់នាវារុស្ស៊ី គឺត្រូវហាមដាច់ខាត មិនឲ្យចុះចតលើកំពង់ផែរបស់អាមេរិកឡើយ​៕​
ព្រឹត្តិបត្រ​ព័ត៌មាន
ព្រឹត្តិបត្រ​ព័ត៌មាន​ប្រចាំថ្ងៃ​នឹង​អាច​ឲ្យ​លោក​អ្នក​ទទួល​បាន​នូវ​ព័ត៌មាន​សំខាន់ៗ​ប្រចាំថ្ងៃ​ក្នុង​អ៊ីមែល​របស់​លោក​អ្នក​ផ្ទាល់៖
ចុះឈ្មោះ
តាមដានព័ត៌មានកម្ពុជានិងអន្តរជាតិដោយទាញយកកម្មវិធីទូរស័ព្ទដៃ RFI"
https://rfi.my/8MAV.g,ចិន សន្យាថានឹងពិនិត្យមើលលទ្ធភាពបន្ធូរបន្ថយបំណុលចំពោះប្រទេសក្រីក្រ,ចិន ដែលជាម្ចាស់បំណុលដ៏សំខាន់មួយ បាន​សន្យាថានឹងពិនិត្យមើលលទ្ធភាពបន្ធូរបន្ថយបំណុលចំពោះប្រទេសក្រីក្រ។ នេះ​គឺជា​សេចក្តីបញ្ជាក់​របស់​នាយិកា​អង្គការ​រូបិយវត្ថុ​អន្តរជាតិ​ FMI ដែលបាន​​ថ្លែង​ប្រាប់​ក្នុង​សន្នីសីទសារព័ត៌មាន​​ កាលពីថ្ងៃព្រហស្បតិ៍​ ទី២១មេសា។ ករណី​រក​មធ្យោបាយ​បន្ធូរបន្ថយ​បំណុល ឬ​លុប​បំណុល​ចោល​តែម្តង​នេះ គឺ​ត្រូវ​មន្ត្រី​ជាន់​ខ្ពស់​​ FMI អះអាងថា គេ​កំពុង​តែ​រក​យន្តការយ៉ាងណា​ដើម្បី​​ឲ្យបណ្តា​ប្រទេស​មាន​សេដ្ឋកិច្ច​ជឿនលឿន​ទាំង​២០ យល់ព្រម​​បន្ធូរបន្ថយ​បំណុល​ព្រមៗគ្នា។​,"ផ្សាយពាណិជ្ជកម្ម
អានអត្ថបទទាំងស្រុង
ជាដំបូង គួរជ្រាបថា សម្រាប់​ឆ្នាំ​២០២០និង២០២១ បណ្តាប្រទេសមានសេដ្ឋកិច្ចជឿនលឿន G-២០ គឺធ្លាប់​បានគិតគូរ​​សម្រួលដល់​ប្រទេស​ក្រីក្រ​ខ្ចីលុយគេ ឲ្យ​អនុញ្ញាត​​ផ្អាក​​​សងបំណុលខ្លះ​ ឬ​ផ្អាក​សង​ការប្រាក់​ ដើម្បី​ជាការ​ជួយ​បន្ទុកផ្នែក​​សេដ្ឋកិច្ច​ គឺរយៈ​ពេល​​​ផ្ទុះ​មេរោគ​ផ្លូវ​ដង្ហើម​ថ្មី កូវីដ​១៩​​។
យន្តការ​នេះ​ គឺ​អនុញ្ញាត​ឲ្យ​ប្រទេស​ក្រីក្រដែល​ខ្ចីបុលគេ​​ ស្នើ​សុំ​ឲ្យប្រទេស​​ម្ចាស់​បំណុល ​ជួយ​សម្រួល​បន្ធូរបន្ថយ ឬក៏​អាច​សុំ​ឲ្យ​ជួយ​លុប​បំណុល​ផង។​ ករណីនេះ គ្មាន​ច្បាប់​ចែងតែ វា​អាស្រ័យ​លើ​ការ​ស្នើសុំ​និងការ​អនុគ្រោះយោគយល់​គ្នា​រវាង​ម្ចាស់បំណុល​និងកូន​បំណុល។​ ​
​នៅពេល​នេះ  អង្គការរូបិយវត្ថុអន្តរជាតិ FMI បាន​ទម្លាយ​ឲ្យដឹង​ថា​ ប្រទេស​ចិន​បាន​យល់​ព្រម​ជួយ​គិតគូរ​និងពិនិត្យ​លទ្ធភាព​ដើម្បីបន្ធូរបន្ថយ​បំណុល ក៏ប៉ុន្តែ គេ​នៅ​មាន​ការ​ប្រទាំងប្រទើសខ្លះ ដែល​មិនទាន់​មាន​ការ​បើក​ភ្លើង​ខៀវ​ទាំងស្រុង​ពី​ ម្ចាស់​បំណុល​ចិន​ដែល​ផ្នែក​ឯកជន​។​
ទាំងយ៉ាងណា​ក្តី លោកស្រី ​Kristalina Georgieva នាយិកា​​ FMI បាន​អះអាងថា​ គេ​នឹង​​ធ្វើការ​ដុតដៃ​ដុត​ជើង​បន្ថែមទៀត ដើម្បី​ប្រមូល​ភាគីម្ចាស់​បំណុល​ទាំងអស់​មក​អង្គុយ​ចរចាពិភាក្សា​គ្នានៅតុ​តែមួយ​។ ក្នុង​នោះ​ មាន​ជាអាទិ៍ ក្លិប​អ្នក​ជំនួញ​នៅប៉ារីស ពួក​ប្រទេសម្ចាស់បំណុលរដ្ឋ​ដូចជាចិន អារ៉ាប់​ប៊ីសាអូឌីត ឥណ្ឌា អេមីរ៉ាត់​អារ៉ាប់រួម​ និង​ម្ចាស់បំណុល​ឯកជន​ធំៗ​ផ្សេងទៀត ជាដើម​។
ប៉ុន្មាន​ឆ្នាំចុងក្រោយ​នេះ ព្រោះតែ​ជំងឺរាតត្បាត​កូវីដ​១៩ គឺធ្វើ​ឲ្យ​សេដ្ឋកិច្ច​ប្រទេស​លើពិភព​លោក​លំបាកនិងរឹតតែ​ជួប​វិបត្តិ​ខ្លាំង​សម្រាប់​ប្រទេស​ក្រីក្រ​ ប្រាក់​ចំណូល​ទាប។ ហើយ​ថែម​ទាំង​ត្រូ​វ​រងគ្រោះ​ដោយ​ប្រយោល​ពីសង្គ្រាម​រុស្ស៊ី-អ៊ុយក្រែន​ទៀត គឺ​នឹង​បង្កើន​បញ្ហា​លើ​បញ្ហា។​
​ពេ​លនេះ មាន​ប្រទេស​អាហ្វ្រិក​ចំនួន​៣ ដូច​ជា ឆាត ហ្សាំប៊ី និង​អេត្យូពី​ បាន​ស្នើសុំ​ឲ្យ​មាន​​ការ​បន្ធូរបន្ថយ​បំណុល​៕​
ព្រឹត្តិបត្រ​ព័ត៌មាន
ព្រឹត្តិបត្រ​ព័ត៌មាន​ប្រចាំថ្ងៃ​នឹង​អាច​ឲ្យ​លោក​អ្នក​ទទួល​បាន​នូវ​ព័ត៌មាន​សំខាន់ៗ​ប្រចាំថ្ងៃ​ក្នុង​អ៊ីមែល​របស់​លោក​អ្នក​ផ្ទាល់៖
ចុះឈ្មោះ
តាមដានព័ត៌មានកម្ពុជានិងអន្តរជាតិដោយទាញយកកម្មវិធីទូរស័ព្ទដៃ RFI"
https://rfi.my/8MDl.g,អងគ្លេស-ឥណ្ឌា ព្រមព្រៀង​គ្នាសហការ​លើវិស័យ​​យុទ្ធសាស្ត្រសន្តិសុខ​និង​ការពារជាតិ,នាយករដ្ឋមន្ត្រី​អង់គ្លេស​ បូរីស ចន​សុន បាន​ប្រកាស​ថា អង់គ្លេស​និង​ឥណ្ឌា  បាន​ចុះកិច្ចព្រមព្រៀង​សហការដៃគូ​ទៅលើ​ផ្អែក​សន្តិសុខ​ និង​ការពារជាតិ។  សេចក្តីថ្លែង​នេះ បាន​ប្រកាស​ចេញ​ពីថ្ងៃសុក្រ​  នៅ​ក្នុង​រដ្ឋធានី​ញូវដេលី  ជាទី​ដែលនាយករដ្ឋមន្ត្រី​អង់គ្លេស​​ ​បំពេញ​ទស្សនកិច្ច​ផ្លូវ​រដ្ឋ​ចំនួនពីរថ្ងៃ​នៅ​ឥណ្ឌា ។ ក្នុង​ផ្អែក​វិនិយោគវិញ លោក​ បូរីស ចន​សុន បាន​ប្រកាស​ពី​ការ​វិនិយោគទុន​ថ្មីបន្ថែម ក្នុង​ទឹកប្រាក់​១ពាន់​លាន​លីវ្រ  ប្រហែល​១២ពាន់​លាន​អឺរ៉ូ​  និង​ដែល​​អាច​នឹង​បង្កើត​ការងារធ្វើ​ ចំនួន​ ​១១ ០០០ ការងារ។  ចំពោះវិស័យ​ការពារជាតិវិញ ប្រទេស​ទាំងពីរ​នឹង​អភិវឌ្ឍ​បច្ចេកវិទ្យា​សំខាន់ៗ​សម្រាប់​​ទប់ទល់​នឹង​​ការគំរាម​សន្តិសុខ​សុវត្ថិភាព ដែល នាយករដ្ឋមន្ត្រី​ នរិន្ទ្រា ម៉ូឌី ថ្លែងដោយ​ត្រេកអរ​ថា​ ឥណ...,"ផ្សាយពាណិជ្ជកម្ម
អានអត្ថបទទាំងស្រុង
នាយករដ្ឋមន្ត្រី​អង់គ្លេស បូរីស​ ចនសុន បានបញ្ជាក់​ថា ប្រទេស​ទាំងពីរ​ឯកភាព​ធ្វើ​ការ​រួម​គ្នា​ក្នុង​វិស័យ​ការពារជាតិ​ ដើម្បី​ទប់​ទល់​នឹង​ការ​គំរាមកំហែ​តាម​ផ្លូវ គោក ទឹក ​អាកាស​ និង​លំហ ហើយនិងតាមប្រព័ន្ធព័ត៌មាន​វិទ្យា។ ចំពោះផ្លូវទឹក​​ ​ភាគីទាំងពីរ​​នឹង​រួមគ្នា​អភិវឌ្ឍប្រព័ន្ធ​បច្ចេក​វិទ្យាទំនើប​ប្រើ​សម្រាប់​​យន្តហោះ​ចម្បាំង ​និង​សម្រាប់​ចាប់​មើល​សញ្ញា​អាសន្ន​​គំរាមកំហែង​ នៅ​ដែន​សមុទ្រ​​។​
ចំពោះ​ឥណ្ឌា លោក ម៉ូឌី ​សប្បាយ​រីកថ្លើមប្រមាត់ ពីព្រោះថា រដ្ឋបាល​ក្រុង​ញូវដេលី ​ខំប្រឹង​រុករក​​ជាយូរ​មកហើយ​ សមត្ថភាព​ការពារជាតិ​ផ្នែក​ជើង​ទឹក និង​ចង់​ផ្តួច​ផ្តើម​ផលិតអាវុធ​ ជាស្នាដៃ​ធ្វើ​នៅក្នុង​ស្រុក​ឥណ្ឌា​​​ ហើយក៏ចង់​​កាត់​បន្ថយ​ការ​ពឹង​​បរទេស​ ពិសេស​គឺរុស្ស៊ី​។​ សំណុំ​រឿង​រុស្ស៊ី​ គឺ​រស៊ើប​ខ្លាំង​ចំពោះ​ឥណ្ឌា ព្រោះ​ឥណ្ឌា​ពឹង​ច្រើន​ផ្អែក​លើការ​នាំចូល​សព្វាវុធ​រុស្ស៊ី។ ញូវដេលី​មាន​​ទំនាក់​ទំនង​ចាស់​វស្សា​​​ជាមួ​យ​ក្រុង​ម៉ូស្កូ  ដូច្នេះហើយ​ ក្នុង​សង្គ្រាម​ឈ្លាន​ពាន​រុស្ស៊ី​ទៅលើ​អ៊ុយក្រែន ឥណ្ឌា​ក៏​​មិន​សូវ​ជា​​ហ៊ាន​អារកាត់​ដាច់ណាត់​ដែរ។​ ពោល​គឺ​ឥណ្ឌា​មិន​ថ្កោលទោស​រុស្ស៊ី​ជា​ចំហ ​ដូច​សម្ព័ន្ធមិត្ត​នៅ​បច្ចិមលោក នោះ​​ឡើយ។​ ចំណែក​សំណុំ​បញ្ហា​ជាមួយ​ចិន​វិញ  ឥណ្ឌា គឺ​ជា​ក្រុម​ប្រទេស​សម្ព័ន្ធ​មិត្ត​ជាមួយ​អាមេរិក ជប៉ុន និងអូស្ត្រាលី ដែល​ត្រូវ​គេ​ចាត់ទុក​ថា​ជាក្រុម​ប្រទេស​ ប្រឆាំង​នឹង​ចិន​។​
ជាជំហររបស់​មហា​យក្ស​អាស៊ី​ខាងត្បូង នាយករដ្ឋមន្ត្រី​ ឥណ្ឌា នរិន្ទ្រា ម៉ូឌី ​​បង្ហើបថា ថ្នាក់ដឹកនាំ​​ទាំងពីរប្រទេស ​​​ពិភាក្សា​គ្នា​​​បាន​ផ្លែផ្កា​លើច្រើន​ចំណុច ស្តីពី​ការ​អភិវឌ្ឍ​តំបន់​និងអន្តរជាតិ ព្រមទាំង​បាន​មូលមាត់​គ្នា​យ៉ាង​ច្បាស់​លាស់ចំពោះ​តំបន់​ឥណ្ឌូ-ប៉ាស៊ីហ្វីក ដែល​សេរី  បើក​ចំហ បរិយាប័ន្ន និង​ផ្អែក​លើគោលការណ៍​​ច្បាប់​។​
ក្នុង​ពេល​មាន​វត្តមាន​នៅប្រទេស​អាស៊ី​​ដ៏​ធំនេះ នាយករដ្ឋមន្ត្រី បូរីស ​ចនសុន  មាន​ប្រសាសន៍ថា ឥណ្ឌា ជាប្រទេសប្រជាធិបតេយ ធំជាងគេ ហើយ អង់គ្លេស ជាប្រទេសប្រជាធិបតេយ្យ ចាស់ជាងគេ។ ពីចំណែក​ខ្លួន ​​លោក នរិន្ទ្រា ម៉ូឌី ​ចាត់ទុកទស្សនកិច្ច​​របស់​លោកនាយករដ្ឋមន្ត្រីអង់គ្លេស​នៅ​រដ្ឋធានី​ញូវដេលី ​ថាជា​ព្រឹត្តិការណ៍​ប្រវត្តិសាស្ត្រ។ ​ដ្បិត​​ថា ដំណើរ​ទស្សនកិច្ចនេះ គឺ​មិន​ចៃដន្យទេ​ ព្រោះត្រូវ​ស្របពេល​នឹងការ​​ប្រព្រឹត្តទៅ​នៃ​បុណ្យ​ខួប​៧៥ឆ្នាំ​នៃ​ឯករាជ្យជាតិ​ឥណ្ឌា​៕
ព្រឹត្តិបត្រ​ព័ត៌មាន
ព្រឹត្តិបត្រ​ព័ត៌មាន​ប្រចាំថ្ងៃ​នឹង​អាច​ឲ្យ​លោក​អ្នក​ទទួល​បាន​នូវ​ព័ត៌មាន​សំខាន់ៗ​ប្រចាំថ្ងៃ​ក្នុង​អ៊ីមែល​របស់​លោក​អ្នក​ផ្ទាល់៖
ចុះឈ្មោះ
តាមដានព័ត៌មានកម្ពុជានិងអន្តរជាតិដោយទាញយកកម្មវិធីទូរស័ព្ទដៃ RFI"
